{
  "build": "h5362a0b_0",
  "build_number": 0,
  "channel": "https://conda.anaconda.org/conda-forge/win-64",
  "constrains": [],
  "depends": [
    "vc >=14.1,<15.0a0",
    "vs2015_runtime >=14.16.27012"
  ],
  "extracted_package_dir": "C:\\Users\\SJSujit\\Anaconda3\\pkgs\\dcm2niix-1.0.20211006-h5362a0b_0",
  "features": "",
  "files": [
    "Library/bin/dcm2niix.exe",
    ".nonadmin"
  ],
  "fn": "dcm2niix-1.0.20211006-h5362a0b_0.tar.bz2",
  "license": "MIT",
  "license_family": "MIT",
  "link": {
    "source": "C:\\Users\\SJSujit\\Anaconda3\\pkgs\\dcm2niix-1.0.20211006-h5362a0b_0",
    "type": 1
  },
  "md5": "87ba59ce540604bdd2d9cb697b06f1f1",
  "name": "dcm2niix",
  "package_tarball_full_path": "C:\\Users\\SJSujit\\Anaconda3\\pkgs\\dcm2niix-1.0.20211006-h5362a0b_0.tar.bz2",
  "paths_data": {
    "paths": [
      {
        "_path": "Library/bin/dcm2niix.exe",
        "path_type": "hardlink",
        "sha256": "106691f44d283bda38de0a39b3e7260e3a7ac0baffaafd9766409c70ce980067",
        "sha256_in_prefix": "106691f44d283bda38de0a39b3e7260e3a7ac0baffaafd9766409c70ce980067",
        "size_in_bytes": 560128
      }
    ],
    "paths_version": 1
  },
  "requested_spec": "dcm2niix",
  "sha256": "b56bd1cae8ee3c448793f88bfd2827091369e190dd0e4bd0296864d7e7174f5e",
  "size": 301283,
  "subdir": "win-64",
  "timestamp": 1633645408237,
  "track_features": "",
  "url": "https://conda.anaconda.org/conda-forge/win-64/dcm2niix-1.0.20211006-h5362a0b_0.tar.bz2",
  "version": "1.0.20211006"
}